source,group
1087,1
1609,1
1890,1
1905,1
2369,1
2616,1
2623,1
2790,1
3030,1
3672,1
3762,1
4249,1
4319,1
4630,1
4670,1
4778,1
4880,1
5040,1
5078,1
5228,1
5255,1
5281,1
5680,1
5819,1
6312,1
635,1
6473,1
6562,1
6683,1
6749,1
7057,1
7102,1
7130,1
7168,1
7219,1
7292,1
7613,1
7676,1
7730,1
7771,1
8158,1
8172,1
8264,1
8380,1
8495,1
8718,1
8733,1
8763,1
8773,1
8957,1
92,1
9259,1
9281,1
9368,1
9624,1
9646,1
9664,1
9715,1
9752,1
9784,1
9911,1
9924,1
9975,1
9993,1
2011,2
2325,2
2344,2
2776,2
2872,2
2880,2
3118,2
3807,2
3872,2
4294,2
6886,2
7033,2
7127,2
7356,2
7426,2
8260,2
8266,2
8338,2
8552,2
8829,2
8850,2
9134,2
9155,2
9218,2
9251,2
9308,2
9653,2
9705,2
9744,2
9753,2
9762,2
9853,2
9856,2
9881,2
9894,2
1376,3
3190,3
3354,3
5184,3
5644,3
5722,3
5730,3
6290,3
6294,3
6449,3
6530,3
6728,3
7084,3
7301,3
7515,3
7863,3
8337,3
8476,3
8515,3
8568,3
9316,3
9603,3
9680,3
9711,3
9737,3
9766,3
9926,3
1503,4
2394,4
5049,4
6642,4
6743,4
7119,4
7377,4
7714,4
8246,4
8299,4
8687,4
8785,4
8929,4
9006,4
9014,4
9158,4
9283,4
9328,4
9448,4
9587,4
9746,4
9912,4
9976,4
9989,4
2160,5
2185,5
3046,5
347,5
4338,5
4607,5
6371,5
6601,5
7048,5
7152,5
7161,5
7825,5
7915,5
8724,5
8759,5
8999,5
9151,5
9773,5
9816,5
9959,5
9964,5
3407,6
5070,6
6355,6
6356,6
6701,6
7043,6
7087,6
7223,6
7767,6
8501,6
9118,6
9122,6
9186,6
9232,6
9588,6
9695,6
9710,6
9847,6
9957,6
9994,6
1136,7
2274,7
2626,7
5491,7
6033,7
6043,7
6136,7
6739,7
7394,7
8159,7
8453,7
9201,7
9372,7
9541,7
9658,7
9776,7
9788,7
9907,7
4019,8
4357,8
6194,8
6567,8
6867,8
6997,8
7114,8
7120,8
7502,8
76,8
7608,8
8296,8
9004,8
9310,8
9346,8
9453,8
9538,8
9772,8
2097,9
2559,9
4158,9
4905,9
5374,9
5942,9
7229,9
8090,9
8225,9
9073,9
9119,9
9189,9
945,9
9607,9
9629,9
9734,9
9999,9
1717,10
2071,10
2174,10
2750,10
3209,10
3512,10
3669,10
5067,10
5304,10
6272,10
633,10
8307,10
8625,10
8663,10
9667,10
9963,10
9981,10
1977,11
3064,11
3901,11
4094,11
5256,11
7089,11
7146,11
7577,11
7585,11
7702,11
7777,11
9257,11
9713,11
9726,11
9863,11
9940,11
2348,12
4300,12
4929,12
5817,12
6737,12
6776,12
7462,12
8170,12
8187,12
8798,12
8855,12
9401,12
9783,12
9920,12
9950,12
4392,13
4733,13
6912,13
748,13
8125,13
8326,13
8617,13
8859,13
9235,13
9363,13
9530,13
9702,13
9745,13
9793,13
1172,14
2809,14
3166,14
3515,14
5991,14
6072,14
8069,14
9055,14
9072,14
9397,14
9879,14
9983,14
9995,14
1429,15
1743,15
1761,15
2291,15
5962,15
6204,15
8247,15
8570,15
9047,15
9535,15
964,15
9782,15
9922,15
1346,16
151,16
3679,16
3983,16
4050,16
4356,16
5508,16
6075,16
8776,16
9394,16
9481,16
9723,16
9955,16
423,17
5136,17
5956,17
62,17
7748,17
798,17
8938,17
9231,17
9764,17
9861,17
9943,17
9945,17
1797,18
3123,18
4712,18
5143,18
7270,18
8093,18
9156,18
9307,18
9356,18
9939,18
9977,18
9980,18
4280,19
4341,19
5983,19
6080,19
6650,19
6699,19
6712,19
7345,19
7370,19
8079,19
9997,19
1274,20
2545,20
2621,20
3234,20
3648,20
4040,20
5428,20
7334,20
8080,20
9840,20
9998,20
3212,21
5572,21
7619,21
770,21
8317,21
8355,21
9064,21
9662,21
9714,21
2255,22
3399,22
3779,22
5050,22
8061,22
8369,22
9592,22
9706,22
9860,22
2615,23
3348,23
4780,23
5247,23
6799,23
7939,23
9687,23
9775,23
9780,23
1254,24
3275,24
3300,24
4339,24
7162,24
7324,24
9654,24
9808,24
6185,25
7139,25
7159,25
7289,25
8878,25
9015,25
9841,25
9886,25
6116,26
7140,26
7164,26
8792,26
8909,26
8946,26
9052,26
9986,26
4267,27
4340,27
4677,27
4783,27
7132,27
8209,27
9245,27
9729,27
2029,28
3888,28
7567,28
7637,28
7710,28
8022,28
8400,28
9174,28
2581,29
5870,29
6149,29
7055,29
8308,29
8704,29
8764,29
8884,29
3774,30
5105,30
5125,30
7600,30
8502,30
8518,30
9627,30
2704,31
3071,31
3160,31
5702,31
6716,31
7731,31
9164,31
4477,32
6698,32
6719,32
8024,32
8790,32
8893,32
9760,32
1779,33
5465,33
6011,33
6164,33
7644,33
8862,33
9696,33
5060,34
6316,34
6375,34
9187,34
9387,34
9661,34
9903,34
2212,35
6069,35
6792,35
8252,35
9126,35
9610,35
9628,35
1173,36
5361,36
7078,36
7908,36
9114,36
9518,36
9996,36
3620,37
4274,37
5098,37
532,37
5975,37
8088,37
9972,37
106,38
4170,38
4233,38
5706,38
7382,38
7960,38
9987,38
2319,39
4671,39
647,39
6721,39
8239,39
9528,39
9936,39
1615,40
6676,40
7053,40
8744,40
9137,40
9754,40
9859,40
6568,41
7525,41
8546,41
9469,41
9484,41
9613,41
9690,41
1208,42
2607,42
472,42
4842,42
5292,42
7149,42
8015,42
3305,43
4138,43
5069,43
5080,43
6102,43
612,43
9651,43
3024,44
4613,44
5275,44
9094,44
9214,44
9770,44
9923,44
4205,45
474,45
5366,45
5376,45
8708,45
9789,45
1644,46
1646,46
1820,46
4257,46
9672,46
9946,46
5964,47
6302,47
6599,47
7735,47
8983,47
9709,47
2013,48
2020,48
5765,48
7917,48
8480,48
9058,48
3866,49
4516,49
4986,49
9108,49
9608,49
9971,49
181,50
397,50
8330,50
8535,50
9230,50
9985,50
374,51
6173,51
6311,51
9223,51
9557,51
9771,51
4749,52
5267,52
5779,52
7405,52
8153,52
9779,52
7786,53
7974,53
8315,53
9140,53
9635,53
9979,53
164,54
5326,54
6666,54
6793,54
7955,54
9098,54
2003,55
3217,55
3543,55
4368,55
6688,55
9107,55
2202,56
5194,56
8655,56
9548,56
9562,56
9992,56
5214,57
6758,57
7379,57
7664,57
8232,57
8339,57
1366,58
218,58
5541,58
7151,58
7663,58
8020,58
6392,59
7725,59
8240,59
8626,59
9009,59
9768,59
2735,60
4973,60
6801,60
8145,60
8435,60
9739,60
4297,61
5573,61
7266,61
7369,61
9795,61
6333,62
7881,62
7911,62
9751,62
9797,62
1015,63
3008,63
4296,63
9090,63
9364,63
5245,64
6734,64
6954,64
9637,64
9857,64
5734,65
7563,65
8001,65
8301,65
9641,65
1261,66
3189,66
7697,66
9838,66
9984,66
1071,67
1940,67
3100,67
7628,67
8727,67
1681,68
3663,68
5076,68
5381,68
9142,68
265,69
3077,69
6198,69
9076,69
9622,69
4743,70
5485,70
6361,70
6750,70
9640,70
101,71
6579,71
7081,71
9966,71
9982,71
208,72
221,72
8233,72
9312,72
9689,72
4155,73
4238,73
5102,73
8784,73
9063,73
1002,74
3633,74
6418,74
7004,74
9657,74
4246,75
5030,75
6284,75
8660,75
8858,75
2388,76
2590,76
7364,76
8642,76
9411,76
2514,77
6099,77
8354,77
8544,77
9369,77
7338,78
7640,78
8627,78
9843,78
9893,78
1565,79
3040,79
4559,79
5711,79
9473,79
4855,80
8791,80
9026,80
9290,80
9376,80
4270,81
4832,81
5780,81
7653,81
9809,81
5797,82
8652,82
8672,82
9501,82
9888,82
3139,83
3252,83
6633,83
6757,83
712,83
7375,84
9381,84
9503,84
9564,84
9716,84
2697,85
5216,85
591,85
9652,85
9807,85
1534,86
1708,86
8483,86
9275,86
9721,86
5963,87
6809,87
7142,87
8686,87
9616,87
2537,88
5878,88
6417,88
7210,88
9146,88
5295,89
7609,89
9025,89
9295,89
9719,89
5637,90
6068,90
8675,90
8897,90
9794,90
3086,91
3161,91
5116,91
6048,91
9917,91
2051,92
5062,92
7918,92
8130,92
8716,92
1686,93
2539,93
3235,93
3385,93
9188,93
132,94
8082,94
8793,94
9323,94
9909,94
4333,95
6059,95
7182,95
9703,95
5788,96
8914,96
9722,96
9962,96
7888,97
8010,97
9757,97
9953,97
1135,98
3562,98
7834,98
9044,98
2797,99
6432,99
9167,99
94,99
7067,100
7558,100
9121,100
9511,100
4072,101
629,101
8276,101
9694,101
1745,102
1791,102
7942,102
9358,102
1396,103
7074,103
9277,103
9374,103
3664,104
4864,104
9296,104
9777,104
2981,105
4366,105
9424,105
9750,105
4990,106
8101,106
906,106
9135,106
7658,107
8530,107
9091,107
959,107
3214,108
5656,108
9359,108
9736,108
1672,109
7236,109
7741,109
9973,109
1903,110
5629,110
8458,110
9286,110
3795,111
5371,111
5589,111
7155,111
7737,112
9269,112
9578,112
9927,112
1456,113
4442,113
9332,113
9954,113
2165,114
7488,114
8779,114
8947,114
5253,115
9260,115
9656,115
9851,115
5033,116
6359,116
8127,116
9485,116
3721,117
7445,117
8710,117
9785,117
1594,118
3718,118
4222,118
8182,118
657,119
7424,119
9005,119
9123,119
1336,120
1852,120
1888,120
5440,120
4418,121
5212,121
7837,121
9351,121
1989,122
3114,122
6408,122
8108,122
5892,123
6103,123
6788,123
9410,123
1404,124
6615,124
7136,124
9311,124
3917,125
6339,125
7615,125
9868,125
3824,126
4324,126
6791,126
9921,126
1702,127
2681,127
4310,127
8951,127
1484,128
2435,128
6655,128
9069,128
1787,129
5011,129
7294,129
9965,129
292,130
5773,130
6041,130
8694,130
1214,131
145,131
5806,131
8393,131
155,132
6106,132
9271,132
9961,132
4758,133
5107,133
8641,133
9899,133
1676,134
54,134
6715,134
9380,134
3985,135
4036,135
9147,135
9692,135
3440,136
4687,136
8958,136
9102,136
1220,137
7313,137
8542,137
9712,137
2533,138
4483,138
5604,138
7002,138
2370,139
3654,139
8390,139
9527,139
1191,140
1398,140
9160,140
9944,140
1039,141
3837,141
3925,141
407,141
6314,142
6906,142
7726,142
966,142
2280,143
3313,143
7611,143
9239,143
7176,144
7235,144
7850,144
9900,144
2446,145
5336,145
7919,145
9728,145
3381,146
7943,146
9168,146
9546,146
4389,147
5162,147
8375,147
9289,147
1278,148
2598,148
7787,148
9891,148
8489,149
9034,149
9660,149
9813,149
7450,150
7937,150
9205,150
9390,150
3328,151
3535,151
7331,151
884,151
2236,152
2657,152
4042,152
8384,152
4576,153
763,153
7712,153
9051,153
2066,154
8381,154
9219,154
9261,154
1631,155
7016,155
7029,155
7465,155
2363,156
2630,156
9054,156
9631,156
6183,157
6398,157
7451,157
9699,157
6157,158
7242,158
7330,158
8086,158
1621,159
5094,159
7361,159
8313,159
2378,160
8358,160
8775,160
9274,160
2883,161
3560,161
5296,161
8275,161
4703,162
7760,162
8411,162
9585,162
2115,163
3438,163
4132,163
6023,163
5409,164
5768,164
8650,164
8853,164
3554,165
4209,165
7027,165
7224,165
1327,166
5347,166
7202,166
8761,166
4931,167
5007,167
6243,167
7665,167
3772,168
6725,168
8539,168
9103,168
3052,169
4786,169
6085,169
8901,170
9016,170
9330,170
8045,171
8254,171
9238,171
706,172
9116,172
9925,172
5168,173
530,173
837,173
410,174
4305,174
8610,174
1284,175
6581,175
9241,175
2080,176
6105,176
7285,176
1299,177
2166,177
8234,177
4177,178
6230,178
8392,178
2359,179
2600,179
3063,179
1168,180
5146,180
9041,180
2522,181
7112,181
9070,181
2639,182
307,182
9834,182
6305,183
7596,183
7690,183
1915,184
5081,184
9919,184
5444,185
6239,185
9199,185
2035,186
3684,186
7397,186
2644,187
4069,187
4431,187
523,188
5697,188
9732,188
431,189
5675,189
9576,189
1455,190
9659,190
9937,190
5784,191
6121,191
956,191
6995,192
8600,192
9956,192
6064,193
7425,193
9340,193
2709,194
3889,194
7030,194
6006,195
7367,195
9938,195
3036,196
3629,196
4151,196
3162,197
4102,197
9506,197
2667,198
2729,198
6074,198
5306,199
6170,199
9670,199
3326,200
5790,200
9248,200
6762,201
7001,201
8173,201
5535,202
8120,202
9096,202
2337,203
5454,203
7264,203
4603,204
7458,204
8705,204
248,205
6259,205
7703,205
271,206
2945,206
6782,206
1831,207
2103,207
7575,207
6717,208
7938,208
8265,208
371,209
8667,209
9611,209
4316,210
6574,210
8771,210
1789,211
6060,211
9512,211
4361,212
9039,212
9071,212
6195,213
6649,213
6797,213
1777,214
4646,214
7602,214
1367,215
3287,215
9162,215
7648,216
8293,216
9988,216
8244,217
8497,217
9184,217
1298,218
4077,218
9129,218
5920,219
682,219
8664,219
1441,220
7757,220
9355,220
27,221
3225,221
7197,221
3371,222
919,222
9960,222
1249,223
4423,223
5024,223
8245,224
8647,224
8665,224
3158,225
6269,225
7932,225
5277,226
7075,226
9884,226
1368,227
4241,227
7633,227
6293,228
6614,228
7537,228
4709,229
5759,229
8192,229
2108,230
8280,230
9141,230
8651,231
8658,231
9837,231
6786,232
8690,232
9934,232
3643,233
7616,233
8396,233
186,234
5603,234
7226,234
3334,235
7101,235
9778,235
3375,236
8417,236
8611,236
5052,237
5640,237
816,237
2967,238
7396,238
9848,238
2532,239
7756,239
9324,239
4111,240
5020,240
8250,240
5091,241
839,241
8397,241
2755,242
8891,242
9941,242
2654,243
6752,243
7199,243
6332,244
7874,244
9991,244
340,245
3593,245
7530,245
6391,246
9086,246
9679,246
4164,247
8177,247
9916,247
3115,248
740,248
9632,248
698,249
9181,249
9876,249
6107,250
7877,250
8770,250
2847,251
7011,251
9649,251
5357,252
6913,252
9678,252
339,253
7309,253
8910,253
2772,254
8272,254
9708,254
1514,255
4791,255
8702,255
128,256
6670,256
8612,256
4096,257
5172,257
8968,257
5237,258
8594,258
8669,258
2702,259
3715,259
9763,259
3208,260
3868,260
9865,260
7376,261
8318,261
9322,261
7054,262
9393,262
9420,262
7480,263
8058,263
8730,263
7632,264
8778,264
9125,264
3129,265
4769,265
7556,265
2443,266
6215,266
8253,266
4444,267
4708,267
8350,267
241,268
2822,268
6275,268
685,269
8243,269
9686,269
7172,270
7507,270
9758,270
4115,271
4694,271
7810,271
6620,272
8107,272
9704,272
2239,273
2975,273
6129,273
4852,274
5953,274
6252,274
1019,275
2911,275
8571,275
4571,276
6565,276
9738,276
2135,277
6437,277
7666,277
235,278
9043,278
9204,278
6819,279
9365,279
9539,279
4426,280
5672,280
7220,280
5199,281
9036,281
9447,281
3092,282
6088,282
8743,282
2499,283
6507,283
9724,283
2247,284
753,284
8510,284
2997,285
8211,285
9488,285
2162,286
4129,286
6660,286
2728,287
4822,287
8649,287
3315,288
8670,288
9791,288
1590,289
8056,289
8726,289
302,290
9422,290
9525,290
5043,291
5553,291
7946,291
5053,292
9099,292
9625,292
2398,293
6628,293
9761,293
5575,294
7118,294
9675,294
4661,295
8682,295
9932,295
5728,296
6518,296
8203,296
7570,297
8115,297
8190,297
5086,298
6686,298
9215,298
4192,299
7036,299
7044,299
1331,300
6303,300
8144,300
5128,301
6695,301
7039,301
1098,302
2391,302
9781,302
3394,303
4063,303
9395,303
9032,304
9109,304
9617,304
2002,305
5290,305
9698,305
2730,306
4878,306
715,306
1602,307
4024,307
6608,307
3303,308
333,308
6158,308
3150,309
7891,309
8621,309
6326,310
7187,310
9594,310
3205,311
4144,311
5877,311
5617,312
6022,312
9827,312
6217,313
7320,313
9949,313
8006,314
9270,314
9914,314
5802,315
6203,315
9060,315
5198,316
7686,316
8549,316
5274,317
6684,317
8915,317
1759,318
3927,318
9707,318
9198,319
9742,319
9867,319
2065,320
2067,320
2207,320
4452,321
8012,321
9106,321
5645,322
6748,322
7339,322
6506,323
7349,323
9291,323
6779,324
6813,324
9668,324
2649,325
824,325
9240,325
6186,326
8226,326
9910,326
1556,327
5686,327
7713,327
4869,328
6020,328
9579,328
7751,329
9206,329
9647,329
2181,330
8962,330
5155,331
5240,331
3445,332
4383,332
3069,333
3356,333
1625,334
6134,334
1736,335
8314,335
4065,336
7752,336
6067,337
7240,337
3239,338
9249,338
2240,339
5299,339
5850,340
777,340
6464,341
7065,341
278,342
4277,342
6226,343
9902,343
2687,344
6044,344
2090,345
4651,345
9128,346
9875,346
3144,347
9056,347
6325,348
9081,348
1675,349
9229,349
8555,350
9665,350
5972,351
6254,351
7250,352
7456,352
4123,353
5273,353
4584,354
749,354
3262,355
6654,355
2286,356
5059,356
3075,357
9811,357
2320,358
6002,358
4289,359
9211,359
6218,360
7253,360
4160,361
7849,361
1035,362
2293,362
3862,363
8882,363
5536,364
8385,364
3782,365
4649,365
3006,366
9812,366
1084,367
9765,367
2768,368
9583,368
2056,369
7124,369
7670,370
8471,370
443,371
8583,371
5700,372
6798,372
7804,373
9549,373
7108,374
8644,374
184,375
7928,375
8896,376
9341,376
4127,377
7021,377
6032,378
6148,378
522,379
7947,379
5263,380
8820,380
8185,381
9823,381
1312,382
4793,382
4727,383
9597,383
3408,384
808,384
7412,385
8738,385
1192,386
6517,386
3074,387
3639,387
4944,388
9697,388
4017,389
9650,389
4120,390
9747,390
5838,391
8210,391
7025,392
9304,392
1115,393
1384,393
1803,394
6694,394
5662,395
6079,395
5483,396
7299,396
5641,397
9574,397
2053,398
3627,398
1920,399
9040,399
8485,400
8637,400
785,401
8854,401
2707,402
5605,402
2818,403
4700,403
2418,404
366,404
3264,405
6150,405
2491,406
5691,406
2399,407
4057,407
4938,408
5115,408
2083,409
864,409
6101,410
707,410
5042,411
9384,411
238,412
8671,412
1272,413
1662,413
6852,414
9089,414
6357,415
8588,415
5349,416
8623,416
1694,417
8892,417
5720,418
9844,418
253,419
8545,419
3164,420
7358,420
2875,421
8357,421
3745,422
6289,422
6035,423
7464,423
3049,424
9759,424
1651,425
2800,425
3113,426
9403,426
2597,427
5252,427
2580,428
7362,428
5767,429
5786,429
1176,430
9247,430
1235,431
4814,431
1774,432
3677,432
3317,433
7675,433
4178,434
6803,434
3361,435
9077,435
1185,436
3333,436
4638,437
7195,437
2658,438
6905,438
5442,439
7808,439
1884,440
9153,440
2907,441
5063,441
6696,442
8389,442
3257,443
6322,443
5929,444
7071,444
3969,445
4867,445
1270,446
4171,446
2201,447
9748,447
3185,448
5997,448
8740,449
9612,449
1101,450
7228,450
1134,451
6291,451
1770,452
5270,452
8220,453
8885,453
5663,454
9267,454
4569,455
6181,455
5382,456
9882,456
2608,457
9559,457
4893,458
8356,458
1099,459
7954,459
2000,460
6093,460
9388,461
9563,461
6003,462
6360,462
4562,463
7636,463
5015,464
8167,464
4996,465
621,465
232,466
8143,466
4808,467
6171,467
303,468
4785,468
7519,469
8025,469
1575,470
3282,470
2434,471
5631,471
3754,472
7282,472
5083,473
8995,473
5243,474
6856,474
6347,475
7985,475
8437,476
9210,476
1091,477
1507,477
8128,478
9978,478
2289,479
6783,479
8758,480
8981,480
8666,481
9798,481
1754,482
4212,482
1197,483
6193,483
5264,484
9288,484
5420,485
9338,485
7201,486
8064,486
4655,487
656,487
3125,488
9969,488
5321,489
9100,489
3011,490
8816,490
6741,491
7649,491
4884,492
6008,492
3860,493
9767,493
3215,494
4773,494
721,495
9822,495
2142,496
4256,496
8913,497
9476,497
1059,498
7886,498
3665,499
9297,499
4086,500
7227,500
3610,501
9348,501
5804,502
7708,502
6201,503
6448,503
1740,504
8806,504
5239,505
6653,505
4901,506
6031,506
2402,507
6137,507
5000,508
9382,508
7184,509
8920,509
4642,510
6656,510
1161,511
8060,511
7750,512
8591,512
2722,513
4013,513
3032,514
4753,514
1462,515
5061,515
2254,516
6406,516
2362,517
9952,517
8444,518
9007,518
126,519
560,519
2668,520
8606,520
7733,521
7785,521
7133,522
7335,522
7729,523
7765,523
3655,524
9237,524
6386,525
7720,525
6658,526
8498,526
8595,527
9203,527
48,528
6622,528
4055,529
9874,529
2131,530
2992,530
2334,531
3060,531
4669,532
4809,532
9790,533
9948,533
3395,534
9599,534
3793,535
9718,535
2884,536
6124,536
9139,537
9431,537
7571,538
9022,538
3417,539
5818,539
4203,540
5215,540
1757,541
9491,541
6735,542
8017,542
3813,543
4958,543
1468,544
8019,544
4800,545
5614,545
3433,546
8722,546
7776,547
8945,547
7216,548
8459,548
5066,549
8514,549
2873,550
6693,550
3426,551
4772,551
2426,552
4640,552
4510,553
8327,553
2799,554
7489,554
9254,555
9990,555
2765,556
4819,556
1304,557
2515,557
2264,558
513,558
7605,559
8033,559
8869,560
9605,560
5312,561
6821,561
4090,562
5399,562
2721,563
3412,563
1316,564
454,564
2089,565
7895,565
269,566
3724,566
7993,567
9514,567
5591,568
7342,568
8262,569
8446,569
6082,570
9870,570
3294,571
8343,571
9272,572
9606,572
3228,573
9244,573
7889,574
9529,574
5486,575
6321,575
7604,576
8098,576
1786,577
8927,577
1383,578
6600,578
3986,579
6251,579
2677,580
9897,580
1489,581
6535,581
7913,582
9176,582
4841,583
7194,583
1081,584
9078,584
2656,585
9634,585
720,586
8094,586
4737,587
630,587
7975,588
8700,588
8640,589
8996,589
1924,590
5689,590
2026,591
3140,591
8284,592
9193,592
5074,593
9452,593
2019,594
2447,594
1040,595
8003,595
7699,596
840,596
4165,597
9935,597
3053,598
4114,598
761,599
8661,599
4633,600
8309,600
1467,601
2303,601
6733,602
8087,602
5781,603
6247,603
4117,604
8118,604
2158,605
4577,605
5492,606
8258,606
4062,607
4900,607
1159,608
4612,608
8373,609
9442,609
5285,610
8011,610
3703,611
5783,611
2390,612
2737,612
2361,613
7079,613
166,614
2771,614
5681,615
8403,615
1626,616
316,616
413,617
7147,617
2246,618
3682,618
7225,619
9682,619
6746,620
9366,620
6907,621
9717,621
660,622
9547,622
7792,623
8526,623
7050,624
8099,624
7143,625
9406,625
3072,626
8879,626
9083,627
9800,627
4795,628
6945,628
2703,629
9554,629
5607,630
8112,630
8042,631
9264,631
3058,632
3311,632
1975,633
3569,633
3110,634
9262,634
1680,635
2593,635
1667,636
5814,636
7634,637
9542,637
2244,638
8066,638
5034,639
5836,639
2715,640
6337,640
2281,641
3227,641
2733,642
7945,642
3233,643
6012,643
2129,644
3484,644
5624,645
96,645
6213,646
7006,646
3766,647
5667,647
3622,648
7180,648
1262,649
1684,649
7167,650
8335,650
1971,651
82,651
1910,652
6512,652
5718,653
9806,653
8960,654
9399,654
4560,655
6146,655
772,656
9701,656
1629,657
6399,657
6232,658
8371,658
6731,659
717,659
4066,660
9082,660
1430,661
9681,661
8316,662
8508,662
3699,663
6120,663
6224,664
9645,664
6638,665
6708,665
199,666
2832,666
2761,667
7410,667
2329,668
7540,668
5189,669
9561,669
4710,670
8176,670
2170,671
738,671
2218,672
8261,672
4211,673
4248,673
6005,674
7667,674
8188,675
9604,675
3876,676
7359,676
2294,677
6051,677
8219,678
9031,678
1046,679
9050,679
6387,680
9958,680
1576,681
6707,681
1231,682
9479,682
1559,683
2385,683
7701,684
8186,684
3734,685
8395,685
1141,686
9685,686
6800,687
9227,687
4336,688
9832,688
4404,689
5661,689
5279,690
8372,690
5851,691
7259,691
6982,692
8288,692
1061,693
6979,693
6331,694
8602,694
5260,695
9573,695
6939,696
7122,696
4755,697
9325,697
5480,698
8613,698
1767,699
9423,699
2178,700
9600,700
4993,701
6190,701
5609,702
7318,702
7504,703
751,703
3363,704
5801,704
318,705
8231,705
3351,706
8290,706
5745,707
8295,707
4604,708
8813,708
1727,709
384,709
4489,710
6389,710
7372,711
776,711
6162,712
9088,712
3471,713
6071,713
1601,714
6602,714
3507,715
8662,715
3634,716
6004,716
6351,717
7040,717
5808,718
8341,718
1332,719
6697,719
9221,720
9968,720
4286,721
8113,721
4711,722
4787,722
2232,723
7803,723
3916,724
8603,724
1076,725
2349,725
3306,726
7333,726
3589,727
8720,727
5727,728
7778,728
3365,729
9439,729
3018,730
3256,730
8235,731
8890,731
7739,732
8982,732
1855,733
6336,733
2525,734
4729,734
7581,735
9299,735
576,736
9465,736
3258,737
3858,737
3995,738
8223,738
9309,739
9621,739
9321,740
9552,740
9558,741
9741,741
4816,742
6028,742
6606,743
9067,743
8305,744
8472,744
1853,745
9633,745
1390,746
7716,746
6681,747
8597,747
4364,748
7782,748
5186,749
9802,749
8379,750
9516,750
3398,751
9805,751
3167,752
7826,752
2642,753
811,753
6634,754
9908,754
7442,755
9408,755
5690,756
6265,756
1769,757
6624,757
723,758
7909,758
3191,759
3289,759
1205,760
3694,760
6364,761
9192,761
7076,762
8181,762
6775,763
742,763
695,764
75,764
3732,765
8165,765
3676,766
8734,766
2306,767
4870,767
8593,768
9586,768
8212,769
8706,769
1178,770
5958,770
7096,771
718,771
4264,772
8787,772
2175,773
6486,773
8678,774
9252,774
1449,775
775,775
1677,776
600,776
5120,777
8103,777
512,778
6370,778
9246,779
9521,779
3536,780
7207,780
2323,781
6531,781
666,782
8277,782
5430,783
5647,783
2018,784
3269,784
5126,785
8685,785
900,786
9222,786
810,787
9062,787
4101,788
5633,788
147,789
9313,789
3938,790
6795,790
4999,791
5709,791
8361,792
9930,792
6040,793
8048,793
191,794
4173,794
3946,795
6087,795
7398,796
7682,796
1688,797
8985,797
3206,798
5593,798
1143,799
668,799
1003,800
40,800
8287,801
8692,801
5446,802
7641,802
7328,803
7719,803
4537,804
5169,804
3250,805
6367,805
2953,806
8391,806
2622,807
351,807
2717,808
4362,808
3171,809
7083,809
18,810
2736,810
5220,811
7343,811
5909,812
6397,812
4199,813
8463,813
463,814
4798,814
3475,815
5187,815
2124,816
3912,816
3738,817
9378,817
1027,818
1305,818
7188,819
7276,819
3527,820
6645,820
2705,821
9517,821
2130,822
81,822
2235,823
9890,823
3635,824
5866,824
6154,825
9830,825
2032,826
5197,826
9190,827
9243,827
7283,828
8300,828
4653,829
7857,829
1823,830
3057,830
5204,831
6881,831
6820,832
7631,832
6078,833
7978,833
5182,834
7885,834
4455,835
6141,835
3195,836
4130,836
1528,837
8745,837
528,838
6188,838
4658,839
8939,839
1946,840
9864,840
6223,841
9880,841
2144,842
9877,842
2811,843
9636,843
8089,844
9582,844
4472,845
6764,845
1229,846
2234,846
3141,847
5379,847
3878,848
5037,848
3495,849
603,849
1104,850
1962,850
2252,851
6428,851
256,852
7740,852
5028,853
8038,853
4000,854
8163,854
4868,855
9127,855
4763,856
9197,856
5646,857
9862,857
8912,858
9172,858
7704,859
9648,859
1180,860
9928,860
375,861
5632,861
1628,862
3500,862
6388,863
9787,863
2322,864
6652,864
7554,865
83,865
6729,866
792,866
4685,867
6629,867
1318,868
7651,868
4804,869
8285,869
5359,870
6081,870
5308,871
6327,871
2650,872
6640,872
6908,873
8049,873
790,874
9446,874
4862,875
907,875
5045,876
9933,876
6778,877
678,877
1252,878
8907,878
7614,879
8174,879
6975,880
7209,880
6885,881
8709,881
787,882
9691,882
6992,883
9093,883
6643,884
7773,884
2881,885
8132,885
3203,886
5931,886
2682,887
6019,887
3343,888
7145,888
9066,889
9226,889
4411,890
9293,890
2404,891
9432,891
3714,892
9555,892
3791,893
8933,893
2093,894
3272,894
3662,895
9418,895
3037,896
4350,896
3065,897
5051,897
4830,898
640,898
3720,899
5234,899
2688,900
4251,900
2489,901
4608,901
203,902
9177,902
4676,903
5362,903
3051,904
9012,904
7912,905
8008,905
1522,906
4131,906
3849,907
7125,907
2456,908
7759,908
4315,909
459,909
8136,910
9407,910
4311,911
7758,911
3181,912
9440,912
293,913
7237,913
8123,914
8608,914
4378,915
6527,915
1399,916
4975,916
5924,917
9336,917
4307,918
6669,918
3918,919
9343,919
2382,920
6871,920
6849,921
8092,921
2081,922
8111,922
1389,923
6013,923
1574,924
8256,924
1536,925
8222,925
4739,926
9345,926
261,927
6227,927
1742,928
2627,928
2684,929
8494,929
4691,930
7277,930
6923,931
9720,931
1239,932
4652,932
7034,933
7652,933
5241,934
9074,934
7018,935
8204,935
3450,936
7193,936
1160,937
2072,937
5848,938
8359,938
7674,939
9836,939
7798,940
9430,940
1379,941
8152,941
4696,942
9306,942
2582,943
7291,943
1286,944
3785,944
3266,945
8811,945
614,946
8638,946
9505,947
9731,947
5358,948
6015,948
7646,949
9854,949
3584,950
6225,950
6095,951
9133,951
7696,952
8978,952
5777,953
8440,953
784,954
9278,954
2433,955
8630,955
2473,956
3098,956
5342,957
8279,957
3819,958
9655,958
1833,959
5509,959
7013,960
9474,960
2386,961
6780,961
4245,962
5949,962
3953,963
4095,963
1906,964
7128,964
3652,965
9815,965
1128,966
8477,966
9045,967
9639,967
5844,968
6276,968
3253,969
9138,969
4605,970
7568,970
6211,971
9824,971
8328,972
9462,972
1650,973
3050,973
5746,974
7123,974
1563,975
4395,975
2143,976
8701,976
8679,977
9643,977
1683,978
9519,978
875,979
9013,979
4582,980
8574,980
2923,981
3605,981
5329,982
9489,982
4718,983
9148,983
4022,984
7522,984
1024,985
8473,985
774,986
7842,986
2440,987
6609,987
6236,988
9000,988
7046,989
9451,989
1330,990
6496,990
7936,991
9318,991
5310,992
9644,992
6504,993
9354,993
2718,994
8725,994
7019,995
7717,995
4081,996
7561,996
7198,997
7487,997
8037,998
9208,998
5933,999
9967,999
6362,1000
8493,1000
8000,1001
8866,1001
1315,1002
941,1002
5580,1003
9892,1003
5717,1004
7366,1004
8365,1005
876,1005
7297,1006
9377,1006
8230,1007
9161,1007
4147,1008
9595,1008
7169,1009
9609,1009
2909,1010
3255,1010
2237,1011
4660,1011
3883,1012
8214,1012
335,1013
7587,1013
2091,1014
4376,1014
525,1015
8919,1015
2637,1016
7957,1016
4089,1017
5939,1017
4909,1018
7685,1018
8196,1019
9084,1019
7332,1020
747,1020
2549,1021
3700,1021
2004,1022
5153,1022
6319,1023
7327,1023
2724,1024
545,1024
6313,1025
6802,1025
8142,1026
8270,1026
2778,1027
6754,1027
4408,1028
5320,1028
3952,1029
7784,1029
5837,1030
646,1030
3184,1031
6922,1031
8721,1032
9906,1032
5044,1033
6256,1033
4279,1034
9003,1034
3201,1035
4724,1035
5721,1036
9402,1036
3736,1037
6340,1037
2132,1038
8921,1038
5185,1039
5233,1039
275,1040
998,1040
7693,1041
8141,1041
